GEOID,area
23013,81104121.97420721
23015,17609182.890683144
23023,31577352.743398625
23031,109828428.9142329
23007,502863509.35536355
23003,2091319317.1634116
23025,929896429.9445282
23027,13383664.125643514
23011,23471900.515641864
23019,567726181.9421289
23021,1131876845.4509733
23009,196111367.46435124
23005,98398994.42782687
23029,464943976.72348255
23001,6128455.558924958
23017,418238318.8139142
