GEOID,area
09009,185007513.87250242
09001,131455163.33168599
09007,254936222.5756883
09011,271973480.9014358
09005,293674757.735708
09013,180996078.6518207
09015,261234207.34543294
09003,301065567.0920069
