GEOID,area
10005,507124932.77040523
10003,114897687.07538413
10001,217108383.41195014
