GEOID,area
15007,710757561.6889293
15001,4814886819.479549
15009,804083608.1182714
15003,579594796.125438
15005,52218.66887779381
