GEOID,area
44009,593050924.61999
44007,686663753.3392897
44001,18980196.932637345
44003,282634572.37972975
44005,106459463.6322647
